deltatheta [deg]	GI/G0 [-]
10.0,	0.143990
20.0,	0.206722
30.0,	0.187559
40.0,	0.116317
50.0,	0.039612
60.0,	0.000335
70.0,	0.000008
80.0,	0.000012
90.0,	0.000011
100.0,	0.000010
110.0,	0.000006
120.0,	0.000004
130.0,	0.000001
140.0,	0.000000
150.0,	0.000444
